{"Minervini": {"cagr": 19.053289132419703, "dd": -31.908748733248427, "sharpe": 0.7932665829595471, "win": 42.06607724523034, "trades": 2240, "period": 17.29924073246985}, "Elder": {"cagr": -7.014752853924911, "dd": -78.55220737718753, "sharpe": -1.254002009404516, "win": 25.0, "trades": 2100, "period": 3.795714285714286}, "Adam": {"cagr": -31.722077806191663, "dd": -99.92770230407821, "sharpe": -1.821979671102149, "win": 35.74948225380275, "trades": 14040, "period": 2.655169956531034}, "E&M": {"cagr": 19.612385097607255, "dd": -29.400202639219376, "sharpe": 0.8434831695922047, "win": 43.618290258449306, "trades": 2532, "period": 13.954976303317535}}